Epoch,Accuracy,Loss
1,26.97,2.8371
2,28.64,2.5494
3,38.46,2.475
4,38.83,2.3812
5,47.64,2.3252
6,48.010000000000005,2.2592
7,48.19,2.2213
8,49.49,2.1965
9,51.160000000000004,2.1786
10,56.99999999999999,2.1275
