Epoch,Accuracy,Loss
1,52.55,2.2129
2,67.93,1.8594
3,64.78,1.7803
4,67.66,1.7454
5,62.470000000000006,1.7184
6,71.17999999999999,1.6976
7,70.62,1.6839
8,70.99,1.6786
9,67.10000000000001,1.6559
10,68.12,1.655
