Epoch,Accuracy,Loss
1,42.35,2.2089
2,54.22,1.8744
3,63.949999999999996,1.7979
4,61.82,1.7555
5,64.23,1.7167
6,63.11,1.6909
7,70.89999999999999,1.6664
8,57.18,1.6534
9,66.64,1.6325
10,64.03999999999999,1.6247
