Epoch,Accuracy,Loss
1,62.28,1.1331
2,60.89,1.0994
3,67.19000000000001,1.0732
4,62.64999999999999,1.06
5,65.8,1.0545
6,53.56999999999999,1.0368
7,57.37,1.0232
8,67.93,1.0203
9,33.46,1.0094
10,65.25,1.0064
11,68.12,0.9984
12,62.19,0.9926
13,69.42,0.9827
14,69.88,0.9791
15,50.32,0.9853
16,60.33,0.9701
17,56.81,0.9716
18,69.05,0.9648
19,68.30000000000001,0.9623
20,65.62,0.9543
