Epoch,Accuracy,Loss
1,57.28,1.3573
2,53.2,1.2132
3,59.589999999999996,1.176
4,56.99999999999999,1.1297
5,63.3,1.1074
6,48.19,1.0875
7,53.290000000000006,1.0637
8,50.42,1.0653
9,60.33,1.0433
10,42.17,1.031
