Epoch,Accuracy,Loss
1,0.962,19.133058667182922
2,0.986,14.42117315530777
3,0.992,14.10405284166336
4,0.992,13.441866546869278
5,0.995,12.856329172849655
6,0.992,12.15287697315216
7,0.992,12.032352596521378
8,0.995,12.4586640894413
9,0.995,12.997971251606941
10,0.995,11.917479410767555
