Epoch,Accuracy,Loss
1,95.66,0.4596
2,97.56,0.3181
3,98.37,0.2915
4,99.19,0.2802
5,98.92,0.2897
6,99.46000000000001,0.27
7,99.46000000000001,0.2632
8,99.46000000000001,0.261
9,99.72999999999999,0.2943
10,99.46000000000001,0.2561
